Health Status,Computer Name,Operating System,IPv4 Addresses,IPv6 Addresses,Last User,Groups,Last Active,InterceptX,Endpoint
Healthy,RADCMPQC,WIN10,10.150.71.43,fe80::58c2:7167:dbdd:2862,mpalomo,,"Jan 19, 2021 2:56 PM",assigned,assigned
Healthy,CFHLPT06,WIN10,10.150.41.38,fe80::3c60:d408:5008:85d4,brohrs,,"Jan 19, 2021 2:55 PM",assigned,assigned
Healthy,CCCFAXS01,WIN10,10.150.70.235,,ldixon,,"Jan 19, 2021 2:55 PM",assigned,assigned
Healthy,CSNLPT01,WIN10,10.150.60.113,fe80::5c20:9c45:575e:37eb,rguerrero,,"Jan 19, 2021 2:55 PM",assigned,assigned
Healthy,PEDCMP05,WIN10,10.150.79.21,,aespinoza,,"Jan 19, 2021 2:55 PM",assigned,assigned
Healthy,FACCMP01,WIN10,10.150.20.93,fe80::498e:b98d:9399:51d9,michaelg,,"Jan 19, 2021 2:54 PM",assigned,assigned
Healthy,ADMCMP07,WIN10,10.150.20.98,fe80::9007:f94e:3649:f356,cjenkins,,"Jan 19, 2021 2:54 PM",assigned,assigned
Healthy,MKTCMP02,WIN10,10.150.71.69,fe80::d9be:67ac:fd8:4c94,jshawker,,"Jan 19, 2021 2:54 PM",assigned,assigned
Healthy,UCCLPT03,WIN10,10.150.41.48,fe80::4d87:9679:6fb5:f913,mherrera,,"Jan 19, 2021 2:53 PM",assigned,assigned
Healthy,PSCCMP06,WIN10,10.150.77.39,fe80::449c:15d2:1e9a:2e95,ccollman,,"Jan 19, 2021 2:53 PM",assigned,assigned
Healthy,ADMCMP08,WIN10,10.150.71.132,fe80::d9a8:1fb2:5aa:37d9,sgarza,,"Jan 19, 2021 2:52 PM",assigned,assigned
Healthy,CBOCMP01,WIN10,10.150.71.2,fe80::9924:977e:8789:f679,default,,"Jan 19, 2021 2:52 PM",assigned,assigned
Healthy,SCCCMP01,WIN10,10.150.73.58,fe80::cd1a:e8af:6362:96fb,neshenroder,,"Jan 19, 2021 2:52 PM",assigned,assigned
Healthy,Barclnt013,WIN10,10.150.71.181,,jshawker,,"Jan 19, 2021 2:51 PM",assigned,assigned
Healthy,UCCCMP14,WIN10,10.150.74.71,,jgarcia1,,"Jan 19, 2021 2:51 PM",assigned,assigned
Healthy,FINCMP04,WIN10,10.150.71.50,fe80::957e:c839:13ea:41d7,tgraffeo,,"Jan 19, 2021 2:51 PM",assigned,assigned
Healthy,CSHCMP03,WIN10,10.150.73.61,,pholley,,"Jan 19, 2021 2:51 PM",assigned,assigned
Healthy,FINCMP05,WIN10,10.150.77.32,fe80::2c96:e49a:b337:de20,dmartinez,,"Jan 19, 2021 2:50 PM",assigned,assigned
Healthy,ORMGICMP01,WIN10,10.150.71.133,fe80::79b3:e26a:3e7:588a,mhasan,,"Jan 19, 2021 2:50 PM",assigned,assigned
Healthy,CSHCMP05,WIN10,10.150.41.71,fe80::bcd0:2164:ca3e:2c96,gvaldez,,"Jan 19, 2021 2:49 PM",assigned,assigned
Healthy,ADMCMP05,WIN10,10.150.20.46,fe80::4ce0:7d3e:fd77:9a54,tarms,,"Jan 19, 2021 2:49 PM",assigned,assigned
Healthy,UCCCMP03,WIN10,10.150.74.51,fe80::748c:975c:ff0d:3785,mcervera,,"Jan 19, 2021 2:49 PM",assigned,assigned
Healthy,DTYCL11053,WIN7,10.150.71.32,,Dietary,,"Jan 19, 2021 2:49 PM",assigned,assigned
Healthy,RADCMP01,WIN10,10.150.71.182,fe80::38de:3367:e8ee:8670,asalazar,,"Jan 19, 2021 2:46 PM",assigned,assigned
Healthy,QACMP09,WIN10,10.150.20.26,fe80::e034:315f:5085:35a,msutti,,"Jan 19, 2021 2:46 PM",assigned,assigned
Healthy,RADCT11364,WIN7,10.150.20.52,fe80::b43e:4f65:f62e:3f92,masanchez,,"Jan 19, 2021 2:46 PM",assigned,assigned
Healthy,MMCMP03,WIN10,10.150.20.71,fe80::145d:b62d:fec:ba89,salsobrook,,"Jan 19, 2021 2:46 PM",assigned,assigned
Healthy,EDMCMP07,WIN10,10.150.71.47,fe80::2931:7782:74a9:1f28,jlaque,,"Jan 19, 2021 2:45 PM",assigned,assigned
Healthy,ICUCMP02,WIN10,10.150.71.40,fe80::95d4:c1f6:9e38:a195,wardclerk,,"Jan 19, 2021 2:45 PM",assigned,assigned
Healthy,ADMCMP09,WIN10,10.150.20.24,fe80::cc92:f59c:93f9:d41b,bmartinez,,"Jan 19, 2021 2:45 PM",assigned,assigned
Healthy,CSHCMP04,WIN10,10.150.73.49,,eeinkauf,,"Jan 19, 2021 2:45 PM",assigned,assigned
Healthy,UCCCMP01,WIN10,10.150.74.48,fe80::e8ca:5099:96b4:6ce4,jgarcia1,,"Jan 19, 2021 2:45 PM",assigned,assigned
Healthy,EDMCMPMGR,WIN10,10.150.20.8,fe80::fdf8:b198:61a2:956f,dbeavers,,"Jan 19, 2021 2:45 PM",assigned,assigned
Healthy,RADDR10001,WIN10,10.150.20.50,,radiologist,,"Jan 19, 2021 2:44 PM",assigned,assigned
Healthy,CFHLPT02,WIN10,10.150.41.96,fe80::6576:8cce:6b2a:df64,acourvier,,"Jan 19, 2021 2:44 PM",assigned,assigned
Healthy,CSMLPTMGR,WIN10,10.150.41.111,fe80::7015:7c9a:388b:8dfd,pmcgrew,,"Jan 19, 2021 2:44 PM",assigned,assigned
Healthy,ORTLPT06,WIN10,10.150.41.105,fe80::7cfe:dd46:a044:4726,aromero,,"Jan 19, 2021 2:43 PM",assigned,assigned
Healthy,LABPH11058,WIN7,10.150.20.6,,bwhiteside,,"Jan 19, 2021 2:43 PM",assigned,assigned
Healthy,UCCCMP06,WIN10,10.150.74.43,fe80::9158:7e0:4043:75c1,mfowler,,"Jan 19, 2021 2:43 PM",assigned,assigned
Healthy,ADMCAMPC,WIN10,10.150.71.12,fe80::5589:ddab:e67c:e562,ADM Camera,,"Jan 19, 2021 2:43 PM",assigned,assigned
Healthy,ICUCMP03,WIN10,10.150.20.40,,amatthias,,"Jan 19, 2021 2:43 PM",assigned,assigned
Healthy,LABCMP05,WIN10,10.150.41.84,fe80::a11c:b031:ffa1:ad2f,thernandez,,"Jan 19, 2021 2:42 PM",assigned,assigned
Healthy,CSNCMP05,WIN10,10.150.71.16,,rguerrero,,"Jan 19, 2021 2:42 PM",assigned,assigned
Healthy,ADMCMP03,WIN10,10.150.71.15,fe80::5986:7c1:3300:508c,hpollok,,"Jan 19, 2021 2:42 PM",assigned,assigned
Healthy,CCCLPT01,WIN10,10.150.41.75,fe80::4085:4db9:d33:60d9,mpalomo,,"Jan 19, 2021 2:41 PM",assigned,assigned
Healthy,RADNUM2380,WIN10,10.150.20.33,,adelarosa,,"Jan 19, 2021 2:41 PM",assigned,assigned
Healthy,ADMCMP12,WIN10,10.150.20.4,fe80::4ef:ce5:6b7a:a393,rollanas,,"Jan 19, 2021 2:41 PM",assigned,assigned
Healthy,QACMP02,WIN10,10.150.20.67,fe80::c52:39a0:f42c:a659,lbraudaway,,"Jan 19, 2021 2:41 PM",assigned,assigned
Healthy,PHACMP01,WIN10,10.150.20.38,fe80::c14e:a987:681d:ced9,aalvarado,,"Jan 19, 2021 2:40 PM",assigned,assigned
Healthy,MSCCMP06,WIN10,10.150.73.63,fe80::e9b7:961:4631:dc1f,sclinic,,"Jan 19, 2021 2:40 PM",assigned,assigned
Healthy,RDPLPT01,WIN10,10.150.201.104;192.168.1.237,2603:8081:5c00:9ddf::198e;2603:8081:5c00:9ddf:452b:48e8:473f:4501;2603:8081:5c00:9ddf:8cfb:1333:ea2b:dcce;fe80::452b:48e8:473f:4501;fe80::74cd:456:1392:34d3;fe80::c38a:b147:d423:4955,jencarnacion,,"Jan 19, 2021 2:39 PM",assigned,assigned
Healthy,FACCMP02,WIN10,10.150.71.144,fe80::9187:978:30d4:be8c,biomed,,"Jan 19, 2021 2:39 PM",assigned,assigned
Healthy,EDMLPT02,WIN7,10.150.41.114,fe80::d40e:5d9b:f704:4b0,htorres,,"Jan 19, 2021 2:38 PM",assigned,assigned
Healthy,CPCLPT01,WIN10,10.150.41.76,fe80::21f3:d0d2:e24a:994,kwiatrek,,"Jan 19, 2021 2:38 PM",assigned,assigned
Healthy,MDSCMP04,WIN10,10.150.20.47,fe80::858:a882:7094:e2db,wardclerk,,"Jan 19, 2021 2:38 PM",assigned,assigned
Healthy,PEDCMP01,WIN10,10.150.79.24,fe80::ccb7:14e4:176e:702a,anasalazar,,"Jan 19, 2021 2:37 PM",assigned,assigned
Healthy,UCCLPT04,WIN10,10.150.74.77,fe80::4086:9439:6683:8aff,hgrohman,,"Jan 19, 2021 2:37 PM",assigned,assigned
Healthy,ORTCMP02,WIN10,10.150.71.39,fe80::a182:f1bd:3ab9:a443,eperez,,"Jan 19, 2021 2:37 PM",assigned,assigned
Healthy,REFCMP01,WIN10,10.150.71.80,fe80::8540:bcc2:5495:7f42,msutti,,"Jan 19, 2021 2:36 PM",assigned,assigned
Healthy,FINCLNT005,WIN10,10.150.77.22,,pramos,,"Jan 19, 2021 2:36 PM",assigned,assigned
Healthy,HRCMP01,WIN10,10.150.41.77,fe80::90c3:3726:95bb:de81,mihernandez,,"Jan 19, 2021 2:36 PM",assigned,assigned
Healthy,EDMCOW02,WIN10,10.150.41.65,fe80::89ee:f5f4:26de:a10a,ER,,"Jan 19, 2021 2:36 PM",assigned,assigned
Healthy,MSCLPT02,WIN10,10.150.41.42,fe80::74c9:4c22:5c90:55fe,sclinic,,"Jan 19, 2021 2:34 PM",assigned,assigned
Healthy,CSNCMP01,WIN10,10.150.20.14,,cavalos,,"Jan 19, 2021 2:34 PM",assigned,assigned
Healthy,PSCCMP03,WIN10,10.150.77.26,fe80::5186:e145:6a36:dfa1,mrodriguez,,"Jan 19, 2021 2:34 PM",assigned,assigned
Critical,CFPCLNT004,WIN7,10.150.201.109;192.168.1.68,fe80::41bc:19fd:e41e:50dd;fe80::c9aa:d904:207f:a005,nrodriguez,,"Jan 19, 2021 2:34 PM",assigned,assigned
Healthy,HBOCMP03,WIN10,10.150.41.41,,rcantu,,"Jan 19, 2021 2:34 PM",assigned,assigned
Healthy,BARCMP06,WIN10,10.150.20.22,fe80::2140:135:eff6:c9c2,adeleon,,"Jan 19, 2021 2:33 PM",assigned,assigned
Healthy,HIMCMP02,WIN10,10.150.20.85,fe80::6ced:56e9:2b39:9e3c,salcala,,"Jan 19, 2021 2:33 PM",assigned,assigned
Healthy,PEDCMP08,WIN10,10.150.79.33,fe80::d1dd:1189:9ce0:1ffb,kbreitsprecher,,"Jan 19, 2021 2:32 PM",assigned,assigned
Healthy,CFHCMP04,WIN10,10.150.73.47,fe80::5dc:bf7e:af16:cf52,ayates,,"Jan 19, 2021 2:32 PM",assigned,assigned
Healthy,Primordial,WIN7,10.150.71.244,,er,,"Jan 19, 2021 2:31 PM",assigned,assigned
Healthy,MDSCOW03,WIN10,10.150.41.74,fe80::129:95bf:b04f:85f5,wardclerk,,"Jan 19, 2021 2:31 PM",assigned,assigned
Healthy,EDMCOW6,WIN10,10.150.41.112,fe80::58c1:b153:bf98:b6d0,ER,,"Jan 19, 2021 2:31 PM",assigned,assigned
Healthy,WSPLPT01,WIN10,10.150.41.92,,sjarzombek,,"Jan 19, 2021 2:31 PM",assigned,assigned
Healthy,RADCMP05,WIN10,10.150.71.45,fe80::41e3:56:29f2:966b,adelarosa,,"Jan 19, 2021 2:31 PM",assigned,assigned
Healthy,FACCLNT002,WIN10,10.150.41.27,,azavala,,"Jan 19, 2021 2:29 PM",assigned,assigned
Healthy,SCCCMP04,WIN10,10.150.73.66,,emorin,,"Jan 19, 2021 2:29 PM",assigned,assigned
Healthy,MMCMP02,WIN10,10.150.20.57,fe80::f0ee:cce1:5c02:99e4,jhernandez,,"Jan 19, 2021 2:29 PM",assigned,assigned
Questionable,HIMCMP04,WIN10,10.150.71.65,,rmcanada,,"Jan 19, 2021 2:28 PM",assigned,assigned
Healthy,CSNCMPDR,WIN10,10.150.71.46,fe80::79a3:cc89:aab3:af8a,dnayak,,"Jan 19, 2021 2:28 PM",assigned,assigned
Healthy,CSHCMP02,WIN10,10.150.73.60,fe80::906b:31b2:8982:be7b,nperez,,"Jan 19, 2021 2:28 PM",assigned,assigned
Healthy,BARCMP03,WIN10,10.150.77.45,fe80::98cc:1da1:9e4f:f7e5,selizondo,,"Jan 19, 2021 2:27 PM",assigned,assigned
Healthy,FINANALD02,WIN10,10.150.77.36,fe80::c961:7d4b:9665:d296,jlaque,,"Jan 19, 2021 2:27 PM",assigned,assigned
Healthy,ortexam003,WIN7,10.150.20.34,,bhawkins,,"Jan 19, 2021 2:27 PM",assigned,assigned
Healthy,ORTCMP01,WIN10,10.150.20.51,fe80::2925:1578:8b44:b6be,rperry,,"Jan 19, 2021 2:27 PM",assigned,unassigned
Healthy,NCCCMP04,WIN10,10.150.79.23,fe80::a81e:74e1:db26:6ede,lhasette,,"Jan 19, 2021 2:27 PM",assigned,assigned
Healthy,EDMTRACKER2,WIN10,10.150.41.32,fe80::29ac:5d17:f517:2b2a,edpublic,,"Jan 19, 2021 2:26 PM",assigned,assigned
Healthy,CSHCMP07,WIN10,10.150.73.45,,gvaldez,,"Jan 19, 2021 2:26 PM",assigned,assigned
Healthy,HBOLPT01,WIN10,10.150.41.85,fe80::f491:27d1:54db:7f69,emorin,,"Jan 19, 2021 2:26 PM",assigned,assigned
Healthy,edmthin05,WIN7,10.150.20.29,fe80::49ce:bcbe:2ab6:49b8,ER,,"Jan 19, 2021 2:26 PM",assigned,assigned
Healthy,refcoord02,WIN7,10.150.77.30,,rmontanez,,"Jan 19, 2021 2:26 PM",assigned,assigned
Healthy,EDMCMP06,WIN10,10.150.20.69,fe80::fc07:8ee1:eda2:d13a,ER,,"Jan 19, 2021 2:25 PM",assigned,assigned
Healthy,FINCMP01,WIN10,10.150.71.135,fe80::457c:cd24:9bd7:ae88,bmeza,,"Jan 19, 2021 2:25 PM",assigned,assigned
Healthy,EDMCMP04,WIN7,10.150.71.106,fe80::3143:e657:5fe3:ba45,ER,,"Jan 19, 2021 2:25 PM",assigned,assigned
Healthy,HRCMP02,WIN10,10.150.71.206,fe80::e580:68c5:e09e:2dc8,asandoval,,"Jan 19, 2021 2:25 PM",assigned,assigned
Critical,CSMLPTDR,WIN10,10.0.1.162;10.150.201.57,fe80::1884:3a66:5be1:847e;fe80::2c9c:7ee0:4d72:305d;fe80::d9db:c9bb:e335:b9c0,pmorehead,,"Jan 19, 2021 2:25 PM",assigned,assigned
Healthy,ORMCMP02,WIN10,10.150.20.59,fe80::7884:2104:ef63:9547,msutti,,"Jan 19, 2021 2:24 PM",assigned,assigned
Healthy,CFPCMP02,WIN10,10.150.73.65,fe80::c9a6:a3b:97e5:9ece,kwiatrek,,"Jan 19, 2021 2:24 PM",assigned,assigned
Healthy,LABCMP01,WIN10,10.150.20.54,fe80::8078:1925:1efd:e68b,memerson,,"Jan 19, 2021 2:24 PM",assigned,assigned
Healthy,LABCMP04,WIN10,10.150.71.115,fe80::69b8:5af7:af5b:ff2f,rwilliams,,"Jan 19, 2021 2:23 PM",assigned,assigned
Healthy,CSFCMP01,WIN10,10.150.20.21,fe80::983a:6873:23fb:d57,cmunoz,,"Jan 19, 2021 2:23 PM",assigned,assigned
Healthy,MDSCMP01,WIN10,10.150.20.95,fe80::593b:d26b:c313:fe2c,lrangel,,"Jan 19, 2021 2:23 PM",assigned,assigned
Healthy,ORMTHIN003,WIN7,10.150.41.24,,mhumphries,,"Jan 19, 2021 2:23 PM",assigned,assigned
Healthy,LABCMPHEM,WIN10,10.150.71.17,fe80::dde9:e3c6:b0b2:9f79,jlaque,,"Jan 19, 2021 2:23 PM",assigned,assigned
Healthy,BARCMP01,WIN10,10.150.77.28,fe80::f4ef:7155:6a75:f43e,ldavis,,"Jan 19, 2021 2:23 PM",assigned,assigned
Healthy,ORMCMP11,WIN10,10.150.20.15,fe80::38e3:5276:b234:baa9,cvackar,,"Jan 19, 2021 2:23 PM",assigned,assigned
Healthy,LABTRACKER,WIN10,10.150.41.60,fe80::8ded:3a82:63fd:c016,labtracker,,"Jan 19, 2021 2:22 PM",assigned,unassigned
Healthy,CSNCMP02,WIN10,10.150.20.11,fe80::d112:4de7:86f0:120,rguerrero,,"Jan 19, 2021 2:22 PM",assigned,assigned
Critical,EXELPTCEO,WIN10,192.168.1.120,fe80::303a:d274:138a:108b,rgillespie,,"Jan 19, 2021 2:21 PM",assigned,assigned
Healthy,UCCLPT05,WIN10,10.150.74.82,fe80::e491:82:3c42:2c11,mekaiser,,"Jan 19, 2021 2:21 PM",assigned,assigned
Healthy,QACMP06,WIN10,10.150.71.208,fe80::310e:7c3a:8637:7029,mgorzell,,"Jan 19, 2021 2:21 PM",assigned,assigned
Healthy,ORMCMP03,WIN10,10.150.71.139,fe80::8cb0:14e1:1dc7:ff6,zking,,"Jan 19, 2021 2:20 PM",assigned,assigned
Healthy,UCCLPTDR,WIN10,10.150.74.76,fe80::3c2e:b348:92e4:134d,rdekmark,,"Jan 19, 2021 2:20 PM",assigned,assigned
Healthy,HHCMP05,WIN10,10.150.77.41,fe80::d5d2:fabb:d8cf:4350,cthayer,,"Jan 19, 2021 2:19 PM",assigned,assigned
Healthy,PEDCMP03,WIN10,10.150.79.29,,jmolla,,"Jan 19, 2021 2:19 PM",assigned,assigned
Healthy,ortexam002,WIN7,10.150.20.36,,bhawkins,,"Jan 19, 2021 2:19 PM",assigned,assigned
Critical,HHEAC22152,WIN10,10.150.77.25,fe80::44f3:8766:1f5e:9cf4,nramirez,,"Jan 19, 2021 2:19 PM",assigned,assigned
Healthy,ICUCLNT002,WIN10,10.150.71.192,,valaniz,,"Jan 19, 2021 2:19 PM",assigned,assigned
Healthy,PSCCMP04,WIN10,10.150.77.49,fe80::91ff:e8db:38bd:bedf,anoguez,,"Jan 19, 2021 2:18 PM",assigned,assigned
Healthy,ORMCMP10,WIN10,10.150.71.25,fe80::b104:bc93:495f:e43d,khemming,,"Jan 19, 2021 2:18 PM",assigned,assigned
Healthy,MDSTRACKER,WIN10,10.150.71.13,fe80::3c21:924e:8b73:c2c0,wardclerk,,"Jan 19, 2021 2:18 PM",assigned,assigned
Healthy,QACMP03,WIN10,10.150.20.65,fe80::b874:3687:5a92:e1bd,vvick,,"Jan 19, 2021 2:17 PM",assigned,assigned
Healthy,FACCLNT003,WIN10,10.150.41.86,,lperez,,"Jan 19, 2021 2:16 PM",assigned,assigned
Healthy,ORMCOW05,WIN10,10.150.41.98,fe80::74ac:3bb2:c2c9:62cf,acerna,,"Jan 19, 2021 2:16 PM",assigned,assigned
Healthy,ORTLPT05,WIN7,10.150.41.37,fe80::8cb8:4f8d:1bab:8a7a,bhawkins,,"Jan 19, 2021 2:16 PM",assigned,assigned
Healthy,ORTLPT04,WIN10,10.150.41.103,fe80::a0cb:fa61:df33:7a4,eperez,,"Jan 19, 2021 2:15 PM",assigned,assigned
Healthy,CFPCMP01,WIN10,10.150.79.30,fe80::b5b5:b61c:c0fe:9abf,mherrera,,"Jan 19, 2021 2:15 PM",assigned,assigned
Healthy,UCCCMP11,WIN10,10.150.74.44,fe80::1548:3bca:bfcf:13e3,ahunter,,"Jan 19, 2021 2:15 PM",assigned,assigned
Healthy,ORMCMP04,WIN10,10.150.20.49,fe80::7894:b5b2:cf2:bba0,twolff,,"Jan 19, 2021 2:15 PM",assigned,assigned
Healthy,EDMCAMPC,WIN10,10.150.20.5,fe80::d4d1:75cc:3371:bf80,EDM Cam,,"Jan 19, 2021 2:14 PM",assigned,assigned
Healthy,CSMCMP01,WIN10,10.150.71.217,,pmorehead,,"Jan 19, 2021 2:14 PM",assigned,assigned
Healthy,HIMCLNT002,WIN10,10.150.20.64,fe80::1d7e:7c93:f616:20e2,msutti,,"Jan 19, 2021 2:14 PM",assigned,assigned
Healthy,LABBIOSITE,WIN7,10.150.20.62,,mrichard,,"Jan 19, 2021 2:13 PM",assigned,assigned
Critical,ESSCMP01,WIN10,10.150.20.63,fe80::3cb1:770e:2443:27ab,kjones,,"Jan 19, 2021 2:13 PM",assigned,assigned
Healthy,HHCMP03,WIN10,10.150.77.51,fe80::9197:e6a0:31d2:b994,ctevis,,"Jan 19, 2021 2:12 PM",assigned,assigned
Healthy,RHBCMP03,WIN10,10.150.73.42,,rrodriguez,,"Jan 19, 2021 2:12 PM",assigned,assigned
Healthy,ADMCMP02,WIN10,10.150.71.121,fe80::78dc:c6bf:a17a:abd2,gmartinez,,"Jan 19, 2021 2:12 PM",assigned,assigned
Healthy,RESCL12441,WIN10,10.150.20.28,,ggulley,,"Jan 19, 2021 2:12 PM",assigned,assigned
Healthy,SCCLPTDR,WIN10,10.150.41.97,fe80::58ca:9d33:6c9a:b59,neshenroder,,"Jan 19, 2021 2:11 PM",assigned,assigned
Healthy,LABHEM2429,WIN7,10.150.71.5,fe80::4b6:26f5:87a:49cd,mrichard,,"Jan 19, 2021 2:11 PM",assigned,assigned
Healthy,MDSCMP03,WIN10,10.150.20.100,fe80::61a4:2a67:fe8d:48bc,wardclerk,,"Jan 19, 2021 2:11 PM",assigned,assigned
Healthy,MMCMP04,WIN10,10.150.20.56,fe80::d89e:2c0d:4f97:56af,rmarrero,,"Jan 19, 2021 2:11 PM",assigned,assigned
Healthy,RHBCMP01,WIN10,10.150.41.58,fe80::2d3d:3d53:63fc:a976,exercise,,"Jan 19, 2021 2:11 PM",assigned,assigned
Healthy,ADMCMP06,WIN10,10.150.71.195,fe80::1990:dc7a:b470:5919,cnieto,,"Jan 19, 2021 2:11 PM",assigned,assigned
Healthy,CFHLPT08,WIN10,10.150.41.47,fe80::c4f7:2cfb:800b:f339,asanchez,,"Jan 19, 2021 2:10 PM",assigned,assigned
Healthy,NCCCMP01,WIN10,10.150.79.31,fe80::49b0:f57:c5f4:6c15,khosek,,"Jan 19, 2021 2:09 PM",assigned,assigned
Healthy,EDMCMP08,WIN10,10.150.20.17,fe80::bd45:5489:1970:5ec3,ER,,"Jan 19, 2021 2:09 PM",assigned,assigned
Healthy,ORTLPT02,WIN7,10.150.41.72,fe80::2cae:8352:8f6b:77cc,angarcia,,"Jan 19, 2021 2:08 PM",assigned,assigned
Healthy,FACCMPCAM,WIN10,10.150.71.193,fe80::b4f6:4e69:ae2b:f6c0,facilities,,"Jan 19, 2021 2:08 PM",assigned,assigned
Healthy,CafeCamera,WIN10,10.150.41.31,,camera,,"Jan 19, 2021 2:08 PM",assigned,assigned
Healthy,EDMCMP05,WIN10,10.150.20.83,fe80::1160:b1aa:ee92:a6e8,ER,,"Jan 19, 2021 2:08 PM",assigned,assigned
Healthy,RHBCMP04,WIN10,10.150.73.40,,fwheeler,,"Jan 19, 2021 2:07 PM",assigned,assigned
Healthy,LABCMP03,WIN10,10.150.20.43,fe80::b0b4:4ca6:9bc4:cfd8,tcranston,,"Jan 19, 2021 2:07 PM",assigned,assigned
Healthy,RADCMP02,WIN10,10.150.20.1,fe80::c923:e3d0:2ba4:fd1c,gcrispin,,"Jan 19, 2021 2:07 PM",assigned,assigned
Healthy,HITCMP02,WIN10,10.150.71.38,fe80::d163:580b:e187:24d1,kschultz,,"Jan 19, 2021 2:06 PM",assigned,assigned
Healthy,RESCMP01,WIN10,10.150.20.58,fe80::bc96:c3ed:c88e:bb2e,rtdept,,"Jan 19, 2021 2:06 PM",assigned,assigned
Healthy,RADCL50000,WIN10,10.150.20.60,,ihenry,,"Jan 19, 2021 2:06 PM",assigned,assigned
Healthy,EXECMPCNO,WIN10,10.150.20.23,fe80::44d4:e84:34bf:2b68,asralla,,"Jan 19, 2021 2:06 PM",assigned,assigned
Healthy,RADQCCLNT1,WIN7,10.150.71.7,,xrsend,,"Jan 19, 2021 2:05 PM",assigned,assigned
Healthy,HIMCMP01,WIN10,10.150.71.148,fe80::890f:7537:e722:6e49,sbienek,,"Jan 19, 2021 2:04 PM",assigned,assigned
Healthy,edmthin04,WIN7,10.150.20.66,fe80::112a:f68f:1639:6941,ER,,"Jan 19, 2021 2:04 PM",assigned,assigned
Healthy,EXECCMPCEO,WIN10,10.150.71.126,fe80::281e:3cb1:16e2:ea33,rgillespie,,"Jan 19, 2021 2:04 PM",assigned,assigned
Healthy,RHBCMP02,WIN10,10.150.73.71,fe80::6d2b:2855:6105:f255,tzuniga,,"Jan 19, 2021 2:04 PM",assigned,assigned
Healthy,BARCMP04,WIN10,10.150.71.209,fe80::7cbc:15e6:146d:ed7b,msutti,,"Jan 19, 2021 2:04 PM",assigned,assigned
Healthy,NCCCMP03,WIN10,10.150.79.22,fe80::9178:f211:f1f:d14e,bperez,,"Jan 19, 2021 2:04 PM",assigned,assigned
Healthy,CFHLPTDR,WIN10,10.150.41.21,fe80::99af:38cb:67c9:51c7,mhendley,,"Jan 19, 2021 2:03 PM",assigned,assigned
Healthy,ORMCMP01,WIN10,10.150.71.167,fe80::b1c4:8b64:fbe5:c0aa,rmendez,,"Jan 19, 2021 2:03 PM",assigned,assigned
Healthy,CFMLPT006,WIN7,10.150.41.33,,mhernandez,,"Jan 19, 2021 2:03 PM",assigned,assigned
Healthy,UCCCMP04,WIN10,10.150.74.57,fe80::5135:2023:40ab:d05,mfowler,,"Jan 19, 2021 2:03 PM",assigned,assigned
Healthy,CSFCMPDR,WIN10,10.150.71.108,fe80::9cfa:c927:1d76:7632,jfaulkner,,"Jan 19, 2021 2:03 PM",assigned,assigned
Healthy,ORTCMP03,WIN10,10.150.71.37,fe80::55f7:a755:5fdc:3099,jlaque,,"Jan 19, 2021 2:02 PM",assigned,assigned
Healthy,ORMCOW04,WIN10,10.150.41.88,fe80::49fc:b0c8:1b58:ea68,zking,,"Jan 19, 2021 2:02 PM",assigned,assigned
Healthy,MKTCMP01,WIN10,10.150.71.93,fe80::4965:c9c7:d6e0:98d7,khogg,,"Jan 19, 2021 2:02 PM",assigned,assigned
Healthy,HHCMP02,WIN10,10.150.77.34,fe80::5d2c:7a20:31a8:1d26,ngarcia,,"Jan 19, 2021 2:01 PM",assigned,assigned
Healthy,HITCMP03,WIN10,10.150.71.21,fe80::51e6:ef4:e7dd:9f62,jlaque,,"Jan 19, 2021 2:01 PM",assigned,assigned
Healthy,UCLD001,WIN10,10.150.74.181,,mekaiser,,"Jan 19, 2021 2:01 PM",assigned,assigned
Healthy,UCCCMP02,WIN10,10.150.74.68,fe80::2830:f709:d5e7:80bb,ebreiten,,"Jan 19, 2021 2:00 PM",assigned,assigned
Healthy,ORTDOCTOR1,WIN10,10.150.41.64,,krausef,,"Jan 19, 2021 2:00 PM",assigned,assigned
Healthy,HITCMPMGR2,WIN10,10.150.70.251,,default,,"Jan 19, 2021 1:59 PM",assigned,assigned
Healthy,PSCCMP01,WIN10,10.150.77.42,fe80::dd0e:96cb:902a:76af,bkirkham,,"Jan 19, 2021 1:59 PM",assigned,assigned
Healthy,CSNCMP03,WIN10,10.150.20.35,,mpalomo,,"Jan 19, 2021 1:58 PM",assigned,assigned
Healthy,FACCMPHVAC,WIN10,10.150.71.185;192.168.137.1;192.168.239.1,,WSHVAC01,,"Jan 19, 2021 1:58 PM",assigned,assigned
Healthy,MSCCMP04,WIN10,10.150.73.59,fe80::e169:8709:b535:8f36,sclinic,,"Jan 19, 2021 1:58 PM",assigned,assigned
Healthy,edmthin01,WIN7,10.150.20.2,,ER,,"Jan 19, 2021 1:58 PM",assigned,assigned
Healthy,RADMRI2434,WIN10,10.150.20.30,,cgaray,,"Jan 19, 2021 1:58 PM",assigned,assigned
Healthy,CFELPT02,WIN10,10.150.41.45,fe80::b980:8297:5243:e492,jhagen,,"Jan 19, 2021 1:58 PM",assigned,assigned
Healthy,radmam1103,WIN10,10.150.71.111,fe80::5c95:4bf2:9817:4a78,ecortez,,"Jan 19, 2021 1:58 PM",assigned,assigned
Healthy,CFHCMP02,WIN10,10.150.41.51,fe80::b873:8eb2:92f8:2902,asanchez,,"Jan 19, 2021 1:58 PM",assigned,assigned
Healthy,EDMCMPDR,WIN10,10.150.71.9,fe80::5802:a58f:3812:d43a,ER,,"Jan 19, 2021 1:57 PM",assigned,assigned
Healthy,EDMCMP03,WIN10,10.150.71.177,fe80::551c:7783:a11e:4080,ER,,"Jan 19, 2021 1:57 PM",assigned,assigned
Healthy,NCCCMP02,WIN10,10.150.79.28,,msutti,,"Jan 19, 2021 1:56 PM",assigned,assigned
Healthy,HBOCMP01A,WIN10,10.150.71.14,,mdeleon,,"Jan 19, 2021 1:56 PM",assigned,assigned
Healthy,HHCMP04,WIN10,10.150.77.43,fe80::74e3:781a:af85:402,mrush,,"Jan 19, 2021 1:56 PM",assigned,assigned
Healthy,PSCCMP07,WIN10,10.150.77.38,fe80::c916:84da:1eef:71,msutti,,"Jan 19, 2021 1:55 PM",assigned,assigned
Healthy,ESSCMP02,WIN10,10.150.71.20,fe80::b529:32f8:812a:dadd,bgrubbs,,"Jan 19, 2021 1:55 PM",assigned,assigned
Healthy,ORMCMP05,WIN10,10.150.20.42,fe80::f47b:92f9:a980:6824,msutti,,"Jan 19, 2021 1:55 PM",assigned,assigned
Healthy,HIMCMP03,WIN10,10.150.20.37,fe80::84b4:f1e2:dc1f:6cb0,sagonzales,,"Jan 19, 2021 1:54 PM",assigned,assigned
Healthy,EDMCOW01,WIN10,10.150.41.108,fe80::f0f3:9c05:20f3:47d9,vvick,,"Jan 19, 2021 1:54 PM",assigned,assigned
Healthy,REFCMP02,WIN10,10.150.77.31,fe80::6daa:eac8:9874:38c4,nrodriguez,,"Jan 19, 2021 1:54 PM",assigned,assigned
Healthy,LABCHM2435,WIN7,10.150.20.76,,tcranston,,"Jan 19, 2021 1:54 PM",assigned,assigned
Healthy,MDSCMP02,WIN10,10.150.20.74,fe80::b1e2:ba07:14af:cb79,wardclerk,,"Jan 19, 2021 1:54 PM",assigned,assigned
Healthy,SCCCMP03,WIN10,10.150.77.29,,dflores,,"Jan 19, 2021 1:54 PM",assigned,assigned
Healthy,ORTLPT07,WIN10,10.150.74.161,fe80::139:6187:fded:b471,ahunter,,"Jan 19, 2021 1:53 PM",assigned,assigned
Healthy,FACCLNT005,WIN10,10.150.71.125,fe80::d9c0:d4b6:bad8:ab53,jmarin,,"Jan 19, 2021 1:53 PM",assigned,assigned
Healthy,BARCMP02,WIN10,10.150.71.8,fe80::495f:9bed:4385:6eb9,jtrevino,,"Jan 19, 2021 1:52 PM",assigned,assigned
Healthy,HBOCLNT003,WIN10,10.150.73.48,,angarza,,"Jan 19, 2021 1:52 PM",assigned,assigned
Healthy,HITLPTSPARE,WIN10,10.150.41.23,fe80::2143:7998:42c6:bd58,lvilla,,"Jan 19, 2021 1:52 PM",assigned,assigned
Healthy,CSFCLNT002,WIN7,10.150.41.35,,bguerra,,"Jan 19, 2021 1:51 PM",assigned,assigned
Healthy,EXELPTCOO,WIN10,10.150.71.3,fe80::6464:3f72:f5:dd47,bmcdowell,,"Jan 19, 2021 1:51 PM",assigned,assigned
Healthy,ICUCMP01,WIN10,10.150.71.10,fe80::5084:f35b:12e6:32d0,ajatskiv,,"Jan 19, 2021 1:50 PM",assigned,assigned
Healthy,DTYCMP02,WIN10,10.150.41.66,fe80::3c61:3460:d826:fc41,smartinez,,"Jan 19, 2021 1:50 PM",assigned,assigned
Healthy,DTYCMPMGR,WIN10,10.150.71.202,fe80::5ccc:2537:1c8a:4d1,Dietary,,"Jan 19, 2021 1:50 PM",assigned,assigned
Healthy,MSCCMP05,WIN10,10.150.73.41,fe80::80f1:c7a:2f94:9500,ER,,"Jan 19, 2021 1:50 PM",assigned,assigned
Healthy,EXECMPCONFRM,WIN10,10.150.71.188,fe80::9c32:201d:bf5e:f2cf,kjones,,"Jan 19, 2021 1:49 PM",assigned,assigned
Healthy,UCCCMP13,WIN10,10.150.74.235,fe80::f88d:4cca:23c7:d38a,mwilson,,"Jan 19, 2021 1:49 PM",assigned,assigned
Healthy,CSHLAP003,WIN7,10.150.41.56,,kfurl,,"Jan 19, 2021 1:47 PM",assigned,assigned
Healthy,HBOLPT03,WIN10,10.150.41.52,fe80::6118:231f:f201:a122,gaguilar,,"Jan 19, 2021 1:47 PM",assigned,assigned
Healthy,QACMP07,WIN10,10.150.71.159,fe80::c7a:dcac:7834:cc9b,rdobbins,,"Jan 19, 2021 1:47 PM",assigned,assigned
Healthy,ORMTHIN01,WIN7,10.150.20.31,,cvackar,,"Jan 19, 2021 1:46 PM",assigned,assigned
Healthy,ORMCMP12,WIN10,10.150.20.68,fe80::29a7:dbcd:7f30:14c0,cvackar,,"Jan 19, 2021 1:46 PM",assigned,assigned
Healthy,HBOCMP02,WIN10,10.150.73.52,fe80::81ca:5df6:ba67:22bb,pmcgrew,,"Jan 19, 2021 1:45 PM",assigned,assigned
Healthy,HHEAC12219,WIN7,10.150.77.52,,mtalamantez,,"Jan 19, 2021 1:44 PM",assigned,assigned
Healthy,ORTLPT03,WIN10,10.150.41.55,fe80::3041:1df5:9170:fc91,skurz,,"Jan 19, 2021 1:44 PM",assigned,unassigned
Healthy,CSHCMPDR,WIN10,10.150.73.44,fe80::4180:5d82:2216:4fcf,mhasan,,"Jan 19, 2021 1:42 PM",assigned,assigned
Healthy,CFHLPT05,WIN10,10.150.41.121,fe80::9d0e:b2d4:6f65:6c84,ayates,,"Jan 19, 2021 1:42 PM",assigned,assigned
Critical,UCCCMP07,WIN10,10.150.74.45,,mleija,,"Jan 19, 2021 1:41 PM",assigned,assigned
Healthy,RADCMP04,WIN10,10.150.20.55,fe80::29e6:6ff2:1de1:8256,adelarosa,,"Jan 19, 2021 1:39 PM",assigned,assigned
Healthy,MSCCMP01,WIN10,10.150.73.55,,sclinic,,"Jan 19, 2021 1:38 PM",assigned,assigned
Healthy,HBOLPT04,WIN10,10.150.41.102,fe80::b556:c09f:2446:f343,tholloway,,"Jan 19, 2021 1:38 PM",assigned,assigned
Healthy,PHACMP03,WIN10,10.150.20.9,fe80::acd7:21a5:2f80:b9d5,garanda,,"Jan 19, 2021 1:37 PM",assigned,assigned
Healthy,CSHCMP08,WIN10,10.150.41.116,,atankersley,,"Jan 19, 2021 1:37 PM",assigned,assigned
Healthy,ORMCMP09,WIN10,10.150.20.75,fe80::fc8b:6a42:90fc:5854,msutti,,"Jan 19, 2021 1:36 PM",assigned,assigned
Healthy,LABPHS2158,WIN10,10.150.71.101,,sstover,,"Jan 19, 2021 1:35 PM",assigned,assigned
Healthy,refcoord01,WIN10,10.150.77.35,,msutti,,"Jan 19, 2021 1:35 PM",assigned,assigned
Healthy,ORMCMP08,WIN10,10.150.20.48,,amathewjoseph,,"Jan 19, 2021 1:33 PM",assigned,assigned
Healthy,MDSCOW01,WIN10,10.150.41.43,fe80::1d7:e02e:ac5d:20ac,htorres,,"Jan 19, 2021 1:32 PM",assigned,assigned
Healthy,CPCCMP01,WIN10,10.150.71.1,fe80::853e:6c3c:c0f2:201,msutti,,"Jan 19, 2021 1:31 PM",assigned,assigned
Healthy,BARCMP08,WIN10,10.150.77.33,fe80::1017:fc8f:3072:24e6,jlaque,,"Jan 19, 2021 1:28 PM",assigned,assigned
Healthy,HIMCMP05,WIN10,10.150.20.41,fe80::213a:6b33:a1d:1e0e,iguerrero,,"Jan 19, 2021 1:27 PM",assigned,assigned
Healthy,FINCMP02,WIN10,10.150.71.59,,tgraffeo,,"Jan 19, 2021 1:27 PM",assigned,assigned
Healthy,CSHCMP06,WIN10,10.150.41.53,fe80::196d:8061:2fee:d32,gvaldez,,"Jan 19, 2021 1:26 PM",assigned,assigned
Healthy,SCHCMP02,WIN10,10.150.71.200,fe80::9d04:da44:3baa:f90c,msolis,,"Jan 19, 2021 1:26 PM",assigned,assigned
Healthy,ORMCMP13,WIN10,10.150.70.254,fe80::1133:2cbc:d3bf:abb,pmorehead,,"Jan 19, 2021 1:25 PM",assigned,assigned
Healthy,ADMCMP04,WIN10,10.150.20.27,fe80::f93d:fd3:b852:7555,tolivo,,"Jan 19, 2021 1:24 PM",assigned,assigned
Healthy,MDSCOW02,WIN10,10.150.41.107,fe80::5879:8ff3:201c:6c86,wardclerk,,"Jan 19, 2021 1:24 PM",assigned,assigned
Healthy,CFHCMP01,WIN10,10.150.73.51,fe80::75eb:fb9:6703:a95d,vguerra,,"Jan 19, 2021 1:24 PM",assigned,assigned
Healthy,LABCMP06,WIN10,10.150.74.42,fe80::4115:dd9c:5dd9:2720,acrawford,,"Jan 19, 2021 1:23 PM",assigned,assigned
Healthy,CFELPT01,WIN10,10.150.41.106,fe80::b82f:7d46:cf8b:6fa5,emorin,,"Jan 19, 2021 1:21 PM",assigned,assigned
Healthy,PEDLPT01,WIN10,10.150.41.39,fe80::61a4:6b66:71c7:6da4,anasalazar,,"Jan 19, 2021 1:20 PM",assigned,assigned
Healthy,SCHLPT01,WIN10,10.150.71.146,fe80::65fd:ea6d:9dde:529,rllanas,,"Jan 19, 2021 1:20 PM",assigned,assigned
Healthy,EDMCOW05,WIN10,10.150.41.90,fe80::21fb:506a:522d:43b5,ER,,"Jan 19, 2021 1:19 PM",assigned,assigned
Healthy,EXECMPCFO,WIN10,10.150.71.23,fe80::c17e:c0b9:c42d:6cad,kklein,,"Jan 19, 2021 1:19 PM",assigned,assigned
Healthy,QACMP08,WIN10,10.150.20.72,fe80::8024:f8a0:3d2f:b5d,stackitt,,"Jan 19, 2021 1:18 PM",assigned,assigned
Healthy,SCHCMP01,WIN10,10.150.71.19,fe80::c1a5:3152:bc41:2725,jquintanilla,,"Jan 19, 2021 1:17 PM",assigned,assigned
Healthy,ORTEXAM004,WIN7,10.150.20.53,,bhawkins,,"Jan 19, 2021 1:17 PM",assigned,assigned
Healthy,PEDCMP02,WIN10,10.150.79.20,fe80::4890:737f:2e63:5cd3,nawilliams,,"Jan 19, 2021 1:14 PM",assigned,assigned
Healthy,MSCCMP02,WIN10,10.150.73.56,,sclinic,,"Jan 19, 2021 1:13 PM",assigned,assigned
Healthy,CMP-IPEOPLE,WIN10,10.150.71.35,fe80::15b:98b3:fe74:a092,ipeople,,"Jan 19, 2021 1:13 PM",assigned,assigned
Healthy,SCCLPT02,WIN10,10.150.73.57,fe80::1038:c30c:1cb3:dc74,jpatton,,"Jan 19, 2021 1:11 PM",assigned,assigned
Healthy,CPCCMP02,WIN10,10.150.73.68,fe80::e132:8bff:53e2:1ce0,lestrada,,"Jan 19, 2021 1:11 PM",assigned,assigned
Healthy,SCCLPT01,WIN10,10.150.41.100,fe80::b174:fb62:f012:48e1,jhagen,,"Jan 19, 2021 1:08 PM",assigned,assigned
Healthy,LABBLD2447,WIN10,10.150.71.6,,tcranston,,"Jan 19, 2021 1:03 PM",assigned,assigned
Healthy,HIMCMP06,WIN10,10.150.20.19,fe80::d10:4384:fcb7:f8d6,racosta,,"Jan 19, 2021 1:03 PM",assigned,assigned
Critical,MSCCMP03,WIN10,10.150.73.67,,sclinic,,"Jan 19, 2021 1:03 PM",assigned,assigned
Healthy,FINCMP03,WIN10,10.150.71.114,fe80::f10f:d74e:364e:80ac,aluna,,"Jan 19, 2021 1:00 PM",assigned,assigned
Healthy,RADUSCL001,WIN10,10.150.20.25,fe80::e82f:68e9:e4d7:a0e4,amarr,,"Jan 19, 2021 12:57 PM",assigned,assigned
Healthy,LABOP11361,WIN10,10.150.71.30,,mramirez,,"Jan 19, 2021 12:50 PM",assigned,assigned
Healthy,CSFCMP02,WIN10,10.150.71.128,fe80::a871:a8dd:b19:7606,nximenez,,"Jan 19, 2021 12:47 PM",assigned,assigned
Healthy,HBOLPTDOC,WIN10,10.150.73.89,fe80::d947:9a03:13f8:f38,lprofenna,,"Jan 19, 2021 12:30 PM",assigned,assigned
Healthy,WSPLPT03,WIN10,192.168.2.21,fe80::dda2:f8e9:68be:ddef,mzuniga,,"Jan 19, 2021 11:53 AM",assigned,assigned
Healthy,CFMLPT01,WIN10,10.150.41.25,fe80::2145:9216:38d5:a066,kbreitsprecher,,"Jan 19, 2021 11:50 AM",assigned,assigned
Healthy,CSNLPT02,WIN10,10.150.41.73,fe80::41c0:9709:ff4e:d76b,aromero,,"Jan 19, 2021 10:57 AM",assigned,assigned
Healthy,ortclnt002,WIN7,10.150.71.24,,eperez,,"Jan 19, 2021 10:06 AM",assigned,assigned
Healthy,ESSLPT03,WIN10,10.150.201.105;172.20.10.8,2600:380:6030:e454:7416:e8d6:7ea8:48e7;2600:380:6030:e454:fdaa:872d:ba71:f306;fe80::3de9:7c29:617a:ae61;fe80::4e84:2f31:dde5:4549;fe80::fdaa:872d:ba71:f306,oflores,,"Jan 19, 2021 8:56 AM",assigned,assigned
Healthy,CFMLPT001,WIN7,10.150.41.79,,gaguilar,,"Jan 19, 2021 8:21 AM",assigned,assigned
Healthy,ORMCOW02,WIN10,10.150.41.59,fe80::81e4:9f57:d8f0:8795,msutti,,"Jan 19, 2021 8:16 AM",assigned,assigned
Healthy,OFFICEMGR1,WIN7,10.150.201.97;192.168.1.104,fe80::2bd2:d3bd:5a43:3e7d;fe80::cd71:3769:49d2:1433,nximenez,,"Jan 18, 2021 11:42 PM",assigned,assigned
Healthy,HITLPTMGR,WIN10,192.168.100.79,fe80::a409:1297:4269:c29e,sholcombe,,"Jan 18, 2021 6:12 PM",assigned,assigned
Healthy,CFHLPT01,WIN10,10.150.41.67,fe80::410e:4bfc:2933:bf9,hahernandez,,"Jan 18, 2021 4:31 PM",assigned,assigned
Healthy,NCCLPT01,WIN10,10.150.41.109,fe80::b9c3:c50f:3a10:14e6,khosek,,"Jan 18, 2021 4:31 PM",assigned,assigned
Healthy,CFPLAPT003,WIN7,10.150.41.30,,fleach,,"Jan 18, 2021 3:52 PM",assigned,assigned
Healthy,PHACMP02,WIN10,10.150.71.112,fe80::59a6:812:66b7:bcbf,efjones,,"Jan 18, 2021 3:48 PM",assigned,assigned
Healthy,ORTLPT08,WIN10,10.150.60.133,fe80::903d:5ad:9bed:e69f,Admin,,"Jan 18, 2021 3:43 PM",assigned,assigned
Healthy,REFCMP03,WIN10,10.150.77.50,fe80::34dd:3bf8:e968:614a,vpalacios,,"Jan 18, 2021 3:27 PM",assigned,assigned
Healthy,ESSCFOLPT,WIN10,10.150.41.46,fe80::ccc6:1f2f:5547:fc45,kklein,,"Jan 18, 2021 2:12 PM",assigned,assigned
Healthy,RESCOW01,WIN10,10.150.41.25,fe80::75c8:4cd:a9a7:e580,rtdept,,"Jan 18, 2021 10:18 AM",assigned,assigned
Critical,HHLPT05,WIN10,10.150.77.23,fe80::f577:aecc:fa48:b7a2,cthayer,,"Jan 18, 2021 8:13 AM",assigned,assigned
Healthy,CSHLPTDR,WIN10,10.150.201.82;192.168.1.114,2603:8081:4e01:3a89::697;2603:8081:4e01:3a89:48a3:bceb:afe0:654a;2603:8081:4e01:3a89:8482:fdf2:e6d:e19d;fe80::2ba2:57f2:bc4f:b7c5;fe80::8482:fdf2:e6d:e19d;fe80::cd33:2427:2484:d503,mhasan,,"Jan 17, 2021 4:44 PM",assigned,assigned
Critical,ortexam001,WIN7,10.150.20.13,,bhawkins,,"Jan 17, 2021 1:49 AM",assigned,assigned
Healthy,HITLPTSPARE5,WIN10,10.150.201.49;192.168.42.13,2001:5b0:2c48:76e8:5d65:1f43:dc0c:bfbe;2001:5b0:2c48:76e8:a0f9:2a29:538e:a43b;fe80::225b:cd3f:b60b:7fd9;fe80::2dcb:5581:c4b3:3259;fe80::a0f9:2a29:538e:a43b,vvick,,"Jan 16, 2021 5:51 PM",assigned,assigned
Healthy,consolata-lpt,WIN10,192.168.1.135,2603:8081:5c02:def0:2d11:d178:e3b5:4913;2603:8081:5c02:def0:78ba:6e41:c82f:ecd8;fe80::2d11:d178:e3b5:4913,consolata,,"Jan 16, 2021 2:44 PM",assigned,assigned
Healthy,edmthin09,WIN7,10.150.20.45,fe80::a4c9:9b80:3060:80d6,ER,,"Jan 16, 2021 10:58 AM",assigned,assigned
Healthy,CCCLAPT005,WIN7,10.150.41.28,fe80::7c48:769f:d5c5:e999,mpalomo,,"Jan 15, 2021 2:44 PM",assigned,assigned
Healthy,CFHCMP05,WIN10,10.150.73.54,fe80::a8a9:580:dbb0:c619,vguerra,,"Jan 15, 2021 11:59 AM",assigned,assigned
Healthy,UCCLPT02,WIN10,10.150.41.46,fe80::b1ec:1352:8443:8b73,ebreiten,,"Jan 15, 2021 11:15 AM",assigned,assigned
Healthy,BARCMP05,WIN10,10.150.77.40,fe80::4ded:5c64:9cd4:54d1,yreyes,,"Jan 15, 2021 10:00 AM",assigned,assigned
Healthy,FINANALD01,WIN10,10.150.77.24,,yreyes,,"Jan 15, 2021 9:42 AM",assigned,assigned
Healthy,BARCMP07,WIN10,10.150.77.46,,yreyes,,"Jan 15, 2021 9:23 AM",assigned,assigned
Healthy,HITLPTSPARE1,WIN10,10.150.41.64,,jlaque,,"Jan 15, 2021 8:09 AM",assigned,assigned
Healthy,EDMCOW03,WIN10,10.150.41.46,fe80::c6f:e290:2bec:3434,ER,,"Jan 14, 2021 3:48 PM",assigned,assigned
Healthy,MDSCART005,WIN7,10.150.41.21,fe80::6cfe:a7c9:815c:658d,lvilla,,"Jan 14, 2021 3:04 PM",assigned,assigned
Healthy,LABCMP07,WIN10,10.150.71.45,fe80::380a:ea79:e5f8:401a,jlaque,,"Jan 14, 2021 1:53 PM",assigned,assigned
Healthy,UCCCMP08,WIN10,10.150.74.87,,mwilson,,"Jan 14, 2021 11:06 AM",assigned,assigned
Healthy,ClinicSpare,WIN7,10.150.74.232,,ahunter,,"Jan 14, 2021 10:49 AM",assigned,assigned
Healthy,ORMCOW01,WIN10,10.150.41.57,fe80::e96c:883f:c45f:26c9,msutti,,"Jan 14, 2021 12:33 AM",assigned,assigned
Healthy,MKTLPT02,WIN10,10.150.60.221,fe80::803b:fd98:4984:a8f,khogg,,"Jan 13, 2021 4:22 PM",assigned,assigned
Healthy,CSFLPT01,WIN10,10.150.41.25,fe80::a5b8:d78a:cbf4:1efb,ER,,"Jan 13, 2021 2:56 PM",assigned,assigned
Healthy,ADMCMP10,WIN10,10.150.71.49,fe80::6d22:ea86:5aa6:2fbc,thenry,,"Jan 13, 2021 8:39 AM",assigned,assigned
Healthy,CFMCLNT004,WIN10,10.150.79.25,,lhasette,,"Jan 12, 2021 2:46 PM",assigned,assigned
Healthy,ICULPT01,WIN10,10.150.41.111,fe80::34f5:8756:d8e6:48f3,msutti,,"Jan 11, 2021 7:12 PM",assigned,assigned
Healthy,PEDCMP07,WIN10,10.150.79.26,fe80::50e4:9d4f:7e22:7bec,bperez,,"Jan 11, 2021 8:28 AM",assigned,assigned
Healthy,ESSLPT02,WIN10,172.20.10.4,2600:380:7b46:ba07:7107:9a58:2077:5b9d;2600:380:7b46:ba07:b462:787d:552d:b6be;fe80::7107:9a58:2077:5b9d,asralla,,"Jan 7, 2021 8:35 PM",assigned,assigned
Healthy,MDSCMPCONF,WIN10,10.150.71.36,fe80::7ce9:f5bb:6efc:234e,ldixon,,"Jan 7, 2021 3:17 PM",assigned,assigned
Healthy,SCCCMP02,WIN10,10.150.41.35,fe80::3109:8039:b7d3:91aa,lestrada,,"Jan 7, 2021 11:05 AM",assigned,assigned
Healthy,CFELPT03,WIN10,10.150.41.67,fe80::65b5:58f8:874:69f0,kwiatrek,,"Jan 7, 2021 9:14 AM",assigned,assigned
Questionable,QATAB01,WIN10,10.150.41.44,fe80::4bc:9154:17f3:e36e,stackitt,,"Jan 2, 2021 9:26 PM",assigned,assigned
Questionable,CMTXSC1,WIN7,10.150.41.29,fe80::ad73:a2c4:843:346b,admin,,"Dec 31, 2020 9:29 AM",assigned,assigned
Questionable,HITSURFACE01,WIN10,192.168.1.65,2600:1700:14d8:9440::40;2600:1700:14d8:9440:5e:1cc:79d1:5c10;2600:1700:14d8:9440:ecf0:d10b:d527:1d92;fe80::ecf0:d10b:d527:1d92,kschultz,,"Dec 29, 2020 4:30 AM",assigned,assigned
Questionable,RDPLPT03,WIN10,10.150.41.104;169.254.131.246,fe80::7444:5d5b:6d5b:64d6;fe80::f512:df7e:4d7:83f6,msutti,,"Dec 28, 2020 2:57 PM",assigned,assigned
Questionable,HHLAPHP13,WIN7,172.20.10.3,2600:380:7875:33c9:3d18:7200:846c:a7b0;2600:380:7875:33c9:8d93:187c:d4b2:3875;fe80::8d93:187c:d4b2:3875,ngarcia,,"Dec 27, 2020 9:02 PM",assigned,assigned
Questionable,NCCLPT02,WIN10,10.150.41.25,fe80::a530:a62e:5cdf:2fc9,default,,"Dec 21, 2020 1:00 AM",assigned,assigned
Questionable,PSCCMP02,WIN10,10.150.77.20,fe80::cd93:7571:8936:4c23,jencarnacion,,"Dec 18, 2020 4:01 PM",assigned,assigned
Questionable,FACCLNT004,WIN10,10.150.71.144,,biomed,,"Dec 18, 2020 9:05 AM",assigned,assigned
Questionable,HBOLPT05,WIN10,10.150.41.75,fe80::6018:380e:fde6:164e,aboyce,,"Dec 16, 2020 3:05 PM",assigned,assigned
Questionable,HITLPTSPARE2,WIN10,10.150.41.109,fe80::99c6:40d1:9086:1ee7,Admin,,"Dec 14, 2020 4:06 PM",assigned,assigned
Questionable,EDMCOW06,WIN10,10.150.41.95,fe80::1989:aabf:4f11:677,default,,"Dec 14, 2020 1:52 PM",assigned,assigned
Questionable,PSCCMP05,WIN10,10.150.77.44,fe80::b041:2c10:2ca3:45a5,msutti,,"Dec 11, 2020 9:50 PM",assigned,assigned
Questionable,MSCLPT01,WIN10,10.150.41.119,fe80::ec7f:7220:c12c:102e,default,,"Dec 9, 2020 3:18 PM",assigned,assigned
Questionable,HHLPT03,WIN10,10.150.41.104,fe80::b931:e287:496f:991c,Admin,,"Dec 9, 2020 10:15 AM",assigned,assigned
Questionable,UCCLAPT002,WIN7,10.150.41.48,fe80::e9f9:c185:106e:1172,eperez,,"Dec 9, 2020 8:58 AM",assigned,assigned
Questionable,CFEL004,WIN7,192.168.1.25,fe80::90fd:4c58:7610:bfda,khosek,,"Dec 5, 2020 11:01 AM",assigned,assigned
Questionable,CSNCMP04,WIN10,10.150.41.27,fe80::5d63:2d8b:8bc:786f,msutti,,"Dec 1, 2020 12:33 AM",assigned,assigned
Questionable,ORTLPT01,WIN7,10.150.41.51,fe80::81e3:2bc4:22eb:9164,eperez,,"Nov 30, 2020 1:32 PM",assigned,assigned
Questionable,CSFCMP03,WIN10,10.150.20.1,,cmunoz,,"Nov 30, 2020 1:21 PM",assigned,assigned
Questionable,CFPLPT03,WIN7,10.150.41.96,,fleach,,"Nov 23, 2020 2:59 PM",assigned,assigned
Questionable,PEDLPT02,WIN10,10.150.41.46,fe80::a9a5:d03d:4870:f457,jmolla,,"Nov 20, 2020 7:45 AM",assigned,assigned
Questionable,ADMCMP01,WIN10,10.150.71.116,fe80::3c9b:21c5:366d:d2b3,cnieto,,"Nov 19, 2020 3:40 PM",assigned,assigned
Questionable,HITCMP01,WIN10,10.150.71.2,fe80::89e3:fd7:df49:245,default,,"Nov 11, 2020 12:37 PM",assigned,assigned
Questionable,HBOLPT02,WIN10,10.150.41.89,fe80::c1c2:900f:f8bf:d137,cross,,"Nov 11, 2020 9:55 AM",assigned,assigned
Questionable,ORTLPT001,WIN7,10.150.41.107,fe80::8168:279c:d226:ad15,cross,,"Oct 28, 2020 11:20 AM",assigned,assigned
Questionable,LABCMP08,WIN10,10.150.71.24,fe80::2006:5dad:1c25:e54e,ldixon,,"Oct 23, 2020 1:12 PM",assigned,unassigned
Questionable,FINCLNT004,WIN10,10.150.77.33,,epuente,,"Oct 22, 2020 9:07 AM",assigned,assigned
Questionable,ORTCLNT001,WIN7,10.150.20.21,,rperry,,"Oct 21, 2020 3:13 PM",assigned,assigned
Questionable,CMPMDSCAM,WIN10,10.150.70.255,fe80::10a6:cad3:77d9:db1d,wardclerk,,"Oct 17, 2020 8:16 AM",assigned,assigned
Questionable,CSNCMPDR2,WIN10,10.150.71.1,fe80::b886:2533:9731:f0ea,cross,,"Oct 14, 2020 9:26 AM",assigned,assigned
Questionable,PEDCMP06,WIN10,10.150.79.22,fe80::5154:a6cf:d5f3:d3b7,nawilliams,,"Oct 12, 2020 11:29 AM",assigned,assigned
Questionable,CFPLAPT006,WIN7,10.150.74.141,,ebreiten,,"Oct 8, 2020 10:20 AM",assigned,assigned
Questionable,HHLPT02,WIN10,10.150.41.88,fe80::187a:7259:4a08:9200,cross,,"Oct 6, 2020 11:41 AM",assigned,unassigned
Questionable,ESSLPT01,WIN10,10.150.41.73,fe80::fdf1:ba6f:fcd6:d1bc,oflores,,"Sep 18, 2020 3:41 PM",assigned,assigned
Questionable,HHLPT01,WIN10,10.150.41.96,fe80::40cc:c989:9de4:771b,cross,,"Sep 16, 2020 10:38 AM",assigned,assigned
Questionable,CSHLPT01,WIN10,10.150.41.104,fe80::9956:3bd6:d7c:d08f,cross,,"Sep 9, 2020 11:00 AM",assigned,assigned
Questionable,RADCMP06,WIN10,10.150.70.254,fe80::18e5:3be9:9abb:e689,cgaray,,"Sep 8, 2020 9:16 AM",assigned,assigned
,OPACS6980WS1,WINXP,10.150.71.17,,bhawkins,,"Aug 27, 2020 1:54 PM",unsupported,assigned
Questionable,MDSCONF001,WIN7,10.150.41.75,,cross,,"Aug 25, 2020 8:43 AM",assigned,assigned
Questionable,UCCDOCTOR1,WIN7,10.150.41.95,,pmcgrew,,"Aug 5, 2020 11:14 AM",assigned,assigned
Questionable,HBOSURFACE,WIN10,10.150.41.88,fe80::393f:b536:3226:81c6,cross,,"Jul 28, 2020 9:00 AM",assigned,assigned
,HBOLAPT002,WIN7,10.150.41.70,,cross,,"Jul 22, 2020 1:46 PM",assigned,assigned
Questionable,HBOLAPT001,WIN7,10.150.41.94,,sholcombe,,"Jul 22, 2020 11:57 AM",assigned,assigned
Questionable,ORTLAPT004,WIN7,10.150.41.67,,cross,,"Jul 22, 2020 8:36 AM",assigned,assigned
Questionable,ORMCMP06,WIN10,10.150.71.3,,khemming,,"Jul 20, 2020 8:03 AM",assigned,assigned
Questionable,HHMARKETING,WIN7,10.150.41.41,fe80::e999:88c2:62fd:798f,admin,,"Jul 16, 2020 8:30 AM",assigned,assigned
Questionable,HITCMPTEST,WIN10,10.150.71.37,fe80::51c1:c7d3:6849:1828,bmcdowell,,"Jul 15, 2020 9:20 AM",assigned,assigned
Questionable,ORMCMP07,WIN10,10.150.20.12,,bguerra,,"Jul 13, 2020 3:54 PM",assigned,assigned
Questionable,CSHLAPT003,WIN7,10.150.41.76,fe80::f1c8:40b6:2459:569a,pmorehead,,"Jul 7, 2020 10:46 AM",assigned,assigned
Questionable,CFPLPT04,WIN7,10.150.41.104,fe80::359e:18e:ef63:3bc5,mhernandez,,"Jun 30, 2020 10:48 AM",assigned,assigned
Questionable,UCCLAPT001,WIN7,10.150.74.86,fe80::9d52:d5f2:7eb8:ff2,acrawford,,"Jun 24, 2020 1:26 PM",assigned,assigned
Questionable,FINCLNT001,WIN10,10.150.71.54,,tng,,"Jun 20, 2020 8:05 AM",assigned,assigned
Questionable,edmthin03,WIN10,10.150.20.61,,ER,,"Jun 18, 2020 1:05 PM",assigned,assigned
Questionable,MDSCART004,WIN7,10.150.41.43,fe80::9c16:94f1:78c1:71bf,wardclerk,,"Jun 18, 2020 11:25 AM",assigned,assigned
Questionable,SCCLPT04,WIN10,10.150.41.98,fe80::9c6b:ecd9:93b6:48aa,emorin,,"Jun 17, 2020 8:15 AM",assigned,assigned
Questionable,SCCCMP05,WIN10,10.150.77.27,fe80::a82f:8225:f391:284e,emorin,,"Jun 11, 2020 10:33 AM",assigned,assigned
Questionable,CFHCMP03,WIN10,10.150.73.52,,asanchez,,"Jun 10, 2020 3:31 PM",assigned,assigned
Questionable,LABCLNT001,WIN7,10.150.77.24,,mramirez,,"Jun 8, 2020 11:40 AM",assigned,assigned
Questionable,HHLAPHP005,WIN7,172.20.10.2,2600:380:627d:3f15:c5c2:1056:e3e4:2950;2600:380:627d:3f15:fdfc:bc2:bb3e:fed8;fe80::c5c2:1056:e3e4:2950,csoto,,"Jun 7, 2020 3:48 PM",assigned,assigned
Questionable,MMCMP01,WIN10,10.150.20.42,,jhernandez,,"Jun 3, 2020 1:59 PM",assigned,assigned
Questionable,HHCMP01,WIN10,10.150.77.50,fe80::2ce5:96b9:bd36:f527,cthayer,,"Jun 2, 2020 3:42 PM",assigned,assigned
Questionable,CFHLPT02,WIN7,10.150.41.56,fe80::4170:cb99:f78:feee,asanchez,,"Jun 2, 2020 2:10 PM",assigned,assigned
Questionable,HRECLNT002,WIN10,10.150.71.5,,mihernandez,,"Jun 1, 2020 3:45 PM",assigned,assigned
Questionable,CFHLPT01,WIN7,10.150.41.75,fe80::39a9:91f6:4167:7585,ayates,,"May 26, 2020 9:33 AM",assigned,assigned
Questionable,UCCCMP12,WIN10,10.150.71.9,fe80::399e:518e:4def:48dc,sholcombe,,"May 19, 2020 1:25 PM",assigned,assigned
Questionable,edmthin06,WIN7,10.150.20.10,fe80::7d0f:c839:9784:39b8,msutti,,"Apr 29, 2020 12:55 PM",assigned,assigned
Questionable,ORMTHIN002,WIN7,10.150.20.69,,jfaulkner,,"Mar 31, 2020 12:34 PM",assigned,assigned
Questionable,DTYCMP01,WIN10,10.150.71.71,,cross,,"Mar 27, 2020 10:22 AM",assigned,assigned
Questionable,ISSTESTPC,WIN10,10.150.71.178,fe80::139:cd73:858c:d5b5,sholcombe,,"Mar 25, 2020 1:22 PM",assigned,assigned
Questionable,RADCMP03,WIN10,10.150.71.158,fe80::8947:8395:df06:6fb4,cross,,"Mar 23, 2020 2:48 PM",assigned,assigned
Questionable,ORMCLNT002,WIN7,10.150.20.4,,twolff,,"Mar 16, 2020 1:55 PM",assigned,assigned
Questionable,QACMP04,WIN10,10.150.20.49,fe80::1f4:3254:d437:409d,stackitt,,"Feb 27, 2020 7:51 AM",assigned,assigned
Questionable,CSHCLNT005,WIN7,10.150.73.51,,pmorehead,,"Feb 18, 2020 2:06 PM",assigned,assigned
Questionable,QACMP05,WIN10,10.150.70.253,,mgorzell,,"Jan 31, 2020 7:52 AM",assigned,assigned
Questionable,general-office,WIN10,10.150.77.56,fe80::6990:ffd0:a768:cff,gbarrera,,"Jan 21, 2020 5:09 PM",assigned,assigned
Questionable,HBOCLNT001,WIN10,10.150.71.191,,admin,,"Jan 17, 2020 2:50 PM",assigned,assigned
Questionable,SCHCMP03,WIN10,10.150.71.31,fe80::b1cc:a853:dc32:1050,rllanas,,"Dec 10, 2019 1:31 PM",assigned,assigned
Questionable,Lorettaâ€™s MacBook Pro,OSX,192.168.1.8,fe80::22c9:d0ff:fe7c:d065,Lori,,"Dec 2, 2019 6:17 PM",unsupported,assigned
Questionable,SCCLPT03,WIN10,10.150.71.96,fe80::1c47:2380:5449:36dc,cross,,"Nov 5, 2019 9:00 AM",assigned,assigned
Questionable,LABPHCLNT2,WIN7,10.150.71.80,,sholcombe,,"Oct 7, 2019 10:21 AM",assigned,assigned
Questionable,SPCDOCTOR1,WIN7,10.150.75.36,,sclinic,,"Sep 16, 2019 11:17 AM",assigned,assigned
Questionable,ADMCA11091,WIN7,10.150.77.24,,gsanchez,,"Sep 11, 2019 1:56 PM",assigned,assigned
Questionable,TR1CLNT005,WIN7,10.150.73.79,,wardclerk,,"Sep 3, 2019 7:16 AM",assigned,assigned
Questionable,TR1CLNT001,WIN7,10.150.73.40,,wardclerk,,"Aug 29, 2019 11:19 AM",assigned,assigned
Questionable,TR1CLNT003,WIN7,10.150.73.43,,wardclerk,,"Aug 26, 2019 10:37 PM",assigned,assigned
Questionable,TR1CLNT002,WIN7,10.150.120.69,,ldavis,,"Aug 24, 2019 6:30 AM",assigned,assigned
Questionable,TR1PROJ001,WIN7,10.150.71.10,,asandoval,,"Aug 24, 2019 6:16 AM",assigned,assigned
Questionable,ICUCLNT001,WIN7,10.150.20.65,,wardclerk,,"Aug 19, 2019 2:05 PM",assigned,assigned
Questionable,HITLPT01,WIN7,192.168.11.50,fe80::f597:2408:61c2:a09c,pjohnson,,"Jul 19, 2019 5:18 AM",assigned,assigned
Questionable,ADMCLNT004,WIN7,10.150.71.23,,cnieto,,"Jul 1, 2019 1:46 PM",assigned,assigned
Questionable,ADMCART002,WIN7,10.150.20.8,,erodriguez,,"Jun 24, 2019 10:01 AM",assigned,assigned
Questionable,ORTLAPT002,WIN7,10.150.71.140,fe80::e491:93eb:26e7:6fd5,angarcia,,"May 21, 2019 10:57 AM",assigned,assigned
Critical,TR1CLNT008,WIN7,10.150.73.86,,bgrubbs,,"May 21, 2019 1:07 AM",assigned,assigned
Questionable,ORTCMP01,WIN7,10.150.71.91,,cross,,"May 9, 2019 1:12 PM",assigned,assigned
Questionable,MKTLPTMAC,OSX,10.150.60.230,fe80::471:7971:c557:5621,marketing,,"Apr 19, 2019 1:31 PM",unsupported,assigned
Questionable,MKTLPT01,WIN7,172.20.10.3,,mposey,,"Mar 14, 2019 3:53 PM",assigned,assigned
Questionable,SCCCMP02,WIN7,10.150.71.124,,sholcombe,,"Feb 7, 2019 3:41 PM",assigned,assigned